"","Cluster","Cell_Count","Proportion"
"1","0",1629,0.213947990543735
"2","1",1536,0.201733648542159
"3","2",1486,0.195166798003677
"4","3",784,0.102968216443394
"5","4",775,0.101786183346467
"6","5",499,0.0655371683740478
"7","6",464,0.0609403729971106
"8","7",307,0.0403204623062779
"9","8",117,0.0153664302600473
"10","9",17,0.00223272918308379
