"","Cluster","Cell_Count","Proportion"
"1","0",811,0.276603001364256
"2","1",690,0.235334242837653
"3","2",477,0.16268758526603
"4","3",448,0.152796725784447
"5","4",253,0.0862892223738063
"6","5",177,0.0603683492496589
"7","6",76,0.0259208731241473
