gene,cluster_salvador,cluster_milich,cluster_brennan,p_val_adj_salvador,p_val_adj_milich,p_val_adj_brennan,avg_log2FC_salvador,avg_log2FC_milich,avg_log2FC_brennan
Cd36,0,2,2,1.4376422502904e-210,6.586073144353039e-35,7.751917241244419e-87,1.47,2.22,2.66
Cdo1,4,1,1,1.96387724555057e-116,7.375223471881661e-73,4.2013032649011397e-78,1.91,1.56,2.07
Lpl,0,2,2,5.546261964531889e-161,7.83591341869212e-37,8.69098215703561e-48,1.33,1.59,1.63
Mfge8,0,1,1,3.8670934896985003e-22,8.94473978766812e-10,1.59468107044139e-47,1.3,1.51,2.53
Plac8,6,5,3,0,3.36161056035465e-261,3.7384153857082894e-98,6.27,8.04,3.63
Sparc,2,4,4,0,7.05697635793506e-119,5.4248193825396595e-145,1.86,3.44,4.24
Spp1,0,2,2,9.3084322187433e-267,6.2697191000969305e-53,1.49832985237156e-110,1.3,1.56,1.65
