gene,cluster_salvador,cluster_brennan,cluster_milich,p_val_adj_salvador,p_val_adj_brennan,p_val_adj_milich,avg_log2FC_salvador,avg_log2FC_brennan,avg_log2FC_milich
Cd36,0,2,2,1.4376422502904e-210,7.751917241244419e-87,6.586073144353039e-35,1.47,2.66,2.22
Cdo1,4,1,1,1.96387724555057e-116,4.2013032649011397e-78,7.375223471881661e-73,1.91,2.07,1.56
Lpl,0,2,2,5.546261964531889e-161,8.69098215703561e-48,7.83591341869212e-37,1.33,1.63,1.59
Mfge8,0,1,1,3.8670934896985003e-22,1.59468107044139e-47,8.94473978766812e-10,1.3,2.53,1.51
Plac8,6,3,5,0,3.7384153857082894e-98,3.36161056035465e-261,6.27,3.63,8.04
Sparc,2,4,4,0,5.4248193825396595e-145,7.05697635793506e-119,1.86,4.24,3.44
Spp1,0,2,2,9.3084322187433e-267,1.49832985237156e-110,6.2697191000969305e-53,1.3,1.65,1.56
