gene,cluster_milich,cluster_brennan,cluster_salvador,p_val_adj_milich,p_val_adj_brennan,p_val_adj_salvador,avg_log2FC_milich,avg_log2FC_brennan,avg_log2FC_salvador
Cd36,2,2,0,6.586073144353039e-35,7.751917241244419e-87,1.4376422502904e-210,2.22,2.66,1.47
Cdo1,1,1,4,7.375223471881661e-73,4.2013032649011397e-78,1.96387724555057e-116,1.56,2.07,1.91
Lpl,2,2,0,7.83591341869212e-37,8.69098215703561e-48,5.546261964531889e-161,1.59,1.63,1.33
Mfge8,1,1,0,8.94473978766812e-10,1.59468107044139e-47,3.8670934896985003e-22,1.51,2.53,1.3
Plac8,5,3,6,3.36161056035465e-261,3.7384153857082894e-98,0,8.04,3.63,6.27
Sparc,4,4,2,7.05697635793506e-119,5.4248193825396595e-145,0,3.44,4.24,1.86
Spp1,2,2,0,6.2697191000969305e-53,1.49832985237156e-110,9.3084322187433e-267,1.56,1.65,1.3
